,plant_id,2012,2013,2014,2015,2016,2017,2018,2019,2020,2021,operation_years,CAGR_netgen
842,59639,,,2987,2799,1429,1588,2985,1942,416,54,8,-43.10739269
25,50276,9767,7626,7850,3110,2295,2044,358,71,582,81,10,-39.64856794
218,56561,29880,27712,30235,25360,25436,20044,20475,10247,5427,282,10,-39.93518586
455,57258,5330,5323,5389,4607,4351,2005,2792,1357,533,509,10,-22.95773628
1032,62736,,,,,,,,143,539,533,3,-0.558143894
18,7974,4824,4743,3990,2895,5157,3286,1208,1566,949,589,10,-20.68775536
782,59024,,899,995,665,752,787,834,1042,770,780,9,-2.997273748
70,55782,4950,4305,5057,4711,4506,4442,2432,1462,725,841,10,-16.59299288
118,56215,532,1779,1912,2048,4024,5073,3475,1472,1806,960,10,-6.624528148
115,56210,6355,6197,7006,6483,6254,5993,5096,892,2434,1081,10,-17.63584557
13,7855,2353,1651,1644,2480,1412,1860,1528,1655,2213,1383,10,-1.948827883
24,10823,1643.4,1171.17,,1557.27,2072.07,2076.03,1791.9,2036.43,1883.97,1469.16,9,-89.51755315
667,58104,78,1594,1602,1521,1425,1442,1592,1479,1335,1475,10,-0.858390064
231,56602,178874,155351,163043,151205,170880,172135,153705,119748,53530,1538,10,-40.11837366
853,59735,,,,3062,2921,4638,3023,4058,2423,1584,7,-9.696634405
219,56562,31114,32147,31558,27934,28685,20108,21067,15877,5873,1605,10,-28.32453657
657,58065,1081,2498,2125,1778,1933,2202,1264,1508,1663,1656,10,-4.464869799
114,56203,6122,5755,6169,4471,96,1615,2447,1764,1689,1658,10,-12.91390843
562,57648,3692.7,3671,2460.15,2489,1670,1233.49,2630,1211,1849,1674,10,-8.355185483
53,55368,12019,9479,9409,13442,12528,7729,4524,3001,2213,1686,10,-17.45757431
1031,62642,,,,,,,,5,4,1733,3,1981.46583
668,58105,15,1025,1760,1889,1985,1995,1638,1616,1755,1756,10,6.164140867
404,57106,3547,3141,3107,2837,2772,2761,2981,2899,883,1918,10,-5.333166253
542,57594,2153,2148,1830,1598,1563,1839,1920,2006,1760,1991,10,-0.839788923
160,56376,3554,3547,3094,3533,3216,3602,3087,2666,2416,2081,10,-5.752925804
0,90,,,,2,1688,1918,2044,2468,2383,2130,7,3.952401509
80,55944,2375,2496,2406,2538,2400,2423,2183,2480,2478,2171,10,-1.538066387
302,56800,3966,3129.39,4417,4707,4209,4003,4922,4003,3199,2202,10,-3.829973433
16,7965,2598,2834,2723,2360,2212,2407,2330,2363,2451,2244,10,-2.560310891
697,58407,,3485.79,3889,3696,3453,2706,3115,1743,2835,2431,9,-5.70397689
810,59301,,,,,712,2825,2667,2810,2889,2466,6,-2.681608093
770,58958,,2699,3003,2961,3083,2833,2664,2741,2713,2470,9,-2.412834749
813,59306,,,,,876,2669,2591,2570,2478,2481,6,-1.450224768
226,56590,3853,3842,4173,3748,1487,2934,2892,1724,2008,2587,10,-4.299225607
8,6304,2955,1196,4542,3239,3991,3778,4960,1788.93,3983,2649,10,9.237639946
5,1998,3266,3870,3813,3596,3445,3246,2970,2779,3077,2710,10,-3.881611557
560,57643,3381,2654.19,3402,2751,3378,2898,3122,2802.76,2681,2791,10,0.56001147
585,57767,3473,3,3415,3223,2983,3468,3050,3120,2857,2871,10,114.3939064
848,59724,,,,2738,3506,3730,2816,3210,3375,2938,7,-2.902813344
613,57880,4192,3765,3171,3877,3067,3077,2796,2744,2745,2945,10,-2.692413255
816,59313,,,,,,2622,2975,3315,3077,2969,5,-0.050458346
552,57626,1609,2139,2235,2324,2719,3500,2662,2693,2440,3008,10,3.860855165
812,59305,,,,,1064,3326,3096,3282,3303,3077,6,-1.544257833
984,61775,,,,,,,3,2810,3200,3100,4,3.32810341
874,60126,,,,,2611,3664,3260,3425,3319,3208,6,-2.623137156
664,58101,115,2638,2682,2580,2882,3329,2939,3220,2935,3255,10,2.362715916
454,57257,2928,3566,3531.33,2558,4094,4426.48,3430,3949,4234,3422,10,-0.456945523
605,57855,3427,3477,2261,3604,3970,3989,3978,3901,3774,3637,10,0.501132746
713,58511,,1600,4500,4000,4446,2607,4498,3970,3849,3654,9,-2.569595938
992,61848,,,,,,10942,10038,9058,7581,3674,5,-22.21909532
545,57613,5475,5556.87,5991,5230,5180,5360,4907,5332,3878,3691,10,-4.444191852
665,58102,88,3346,3499.65,2926,3367,3856,3293,3862,3484,3760,10,1.3045848
77,55809,4099,3524,3999,3110,3684,3736,3318,2961,3127,3862,10,1.022845397
10,7501,3988,4038,4370,4903,3900,5088,3919,3681,4133,3919,10,-0.331814948
938,61004,,,,,,,3370,4059,4090,3937,4,-1.012097666
128,56275,4061,3168,3203,266,2492,2316,3799,2037,2822,3940,10,2.452709851
360,56968,3843,3763,3881,3453,3899,3047,4127,3276,3676,3968,10,0.591136778
822,59330,,,210,2440,3891,2983,3870,3971,3507,4050,8,7.507282769
945,61067,,,,,,845,3812,4040,3742,4061,5,1.594459555
173,56413,4361,4770,5586,5325,5195,5051,4109,4280,3208,4086,10,-1.70507192
658,58071,5209,5658,5696,4895,5087,4753,4543,4710,3342,4107,10,-3.497137544
989,61788,,,,,,3769,3000,3377,4429,4121,5,8.260577627
821,59329,,,339.57,2932,4291,3150,4127,4314,3470,4176,8,5.182226704
4,1172,4877,4719,5191,5023,4600,3724,4216,4276,4373,4206,10,-1.270579502
708,58460,,6506,6349,6053,6352,6148,5810,5412,5503,4316,9,-4.710068749
595,57823,4557,4541,4464,4541,4537,4453,4301,4335,4630,4336,10,-0.511962625
502,57414,4452,4859,4858,5018,4987,5060,4270,4776,4968,4343,10,-1.239666501
707,58459,,6178,6134,6072,6149,5808,4803,5764,5625,4359,9,-4.180171951
555,57632,6055,6055.83,5838,5682,5747,5950,5677,5504,5028,4400,10,-3.48683548
820,59328,,,1509,3529,4138,3884,4112,4297,4390,4426,8,3.288362671
937,61002,,,,,1820,5097,4622,4971,5030,4461,6,-2.630370399
56,55566,5618,5135,6204,5597,5297,5053,3848,3231,5498,4476,10,-1.514525628
823,59331,,,74,2463,3936,3433,3509,3670,3400,4539,8,9.125932354
704,58456,,6509,6089,6320,6190,6304,5659,5861,5144,4545,9,-3.589687806
314,56835,27680,26682,28971,24174,27643,27905,22131,19265,14944,4549,10,-17.84517746
904,60541,,,,,6569,6383,5826,5373,5107,4584,6,-6.406874
311,56826,14482,14178,16097,14700,12726,11868,12205,11398,6424,4643,10,-11.66526236
854,59776,,,3878,5181,4741,5103,4670,4739,4115,4653,8,-1.523784179
17,7966,4982,5314,5465,2741,,1108,4068,4386,5125,4739,9,-1.765945869
849,59725,,,,5403,5230,5732,6069,6342,5804,4764,7,-1.543359999
554,57631,5933,5564.79,5416,5329,4646,5558,4839,5261,4654,4770,10,-1.697788375
432,57176,3638,4458,5051,5126,5321,4965,5207,5270,5179,4849,10,0.938512927
706,58458,,6443,5802,6074,6133,6053,5622,5508,4961,4944,9,-1.980475316
571,57732,5490,5450,6164,5641,5672,5061,4889,4947,5373,5009,10,-0.933166659
944,61066,,,,,,,4268,4532,4320,5030,4,3.536312816
698,58414,,5256,5582,5236,5099,5446,3876,5017,4242,5077,9,-1.178335099
652,58038,6310,6440,6590,6561,6149,5999,5455,5103,5316,5108,10,-2.541811275
765,58927,,5892,5568,5666,5813,5677,5092,5066,5365,5235,9,-0.767899951
58,55576,5267,5082,5483,5530,5379,4324,4355,3893,4697,5305,10,0.47830566
57,55574,5490,5746,6272,5699,5965,5374,4972,4334,4651,5308,10,-0.877117836
965,61443,,,,,,,,4186,5129,5348,3,2.112603617
709,58461,,6145,6090,5745,5890,5662,5445,5618,5650,5472,9,-1.328643333
766,58932,,6448,6702,6499,6280,6452,5962,6015,6168,5510,9,-2.418296157
775,58992,,3688,6580,7260,2208,2927,7377,7252,4298,5520,9,-2.171780794
705,58457,,6264,6119,5959,5682,6217,4704,5590,5733,5532,9,-1.252703405
434,57182,6181,6463,6313,6140,6651,6209,6158,6043,6438,5662,10,-1.459428026
447,57214,4052,6194,7218,6834,6470,4496,6080,5495,6022,5664,10,-0.988974113
974,61644,,,,,,6285,7021,7271,6967,5683,5,-5.148397906
316,56837,29673,27978,28996,25600,28566,28627,23215,19765,18028,5720,10,-16.17033956
89,56002,9900,9794,11593,8027,6980,9354,7704,6877,5808,5762,10,-5.723931869
6,2022,7559,4909,7255,7806,7505,6263,5374,6208,7158,5832,10,1.93277123
317,56838,30226,28908,30508,26781,29856,29265,23749,20826,14107,5887,10,-16.20686421
54,55396,32485,37530,24345,25748,23620,25600,16676,16223,11983,5917,10,-18.55618445
35,50820,15156,,4819,4879.71,7125,6615,7425,6411,7102,5949,9,2.668184014
1011,62109,,,,,,,,5794,6788,6152,3,-4.799934635
3,944,7217,5,6962,6956,6574,6290.15,5890,6240,5855,6159,10,120.4922634
223,56577,7271,7603,8392,7783,4577,6291,6237,5002,5171,6169,10,-2.295532984
1015,62130,,,,,,,6765,6151,7092,6258,4,0.576521358
593,57803,5866,6408,5775,6089,5867,5454,6076,5928,5297,6309,10,-0.172850712
1010,62108,,,,,,,,4954,6395,6347,3,-0.376000078
1008,62106,,,,,,,,6641,6433,6392,3,-0.319178736
924,60865,,,,,8548,7732,6632,9012,8805,6570,6,-3.204603124
1019,62172,,,,,,,6774,7102,6844,6608,4,-2.374533508
1013,62111,,,,,,,,6198,6998,6610,3,-2.811750334
1009,62107,,,,,,,,6147,6747,6651,3,-0.71397611
1012,62110,,,,,,,,6586,7697,6726,3,-6.520218584
120,56226,14233,14433,14262,13086,10892,12075,11214,11231,9259,6757,10,-8.086886335
213,56538,10003,9483,10188,9607,9505,8413,8563,8790,6300.9,6758,10,-3.694188964
474,57296,8364,8695,9601,9155,8760,8069,8258,8077,7691,6803,10,-2.689660626
1014,62112,,,,,,,,5359,7113,6836,3,-1.966474144
930,60911,,,,,3702,7180,6781,7068,5761,6855,6,-0.922143339
829,59448,,,7165,7456,7260,7484,6830,7376,7121,6871,8,-1.160491195
846,59692,,,7532,6999,6771,7154,7424,7677,7368,6906,8,-0.190912997
943,61056,,,,,,4,6310,7232,7767,7053,5,2.822019896
971,61589,,,,,,,2869,6380,10626,7058,4,3.42376059
960,61356,,,,,,,1993,7682,7398,7083,4,-2.669793157
931,60931,,,,,143,7589,7284,7315,7891,7107,6,-1.303818014
723,58630,,28,8790,9192,8523,7219,7422,8724,8110,7135,9,-2.573828246
867,60015,,,,,7114,8356,7473,7863,7682,7400,6,-2.400710147
318,56839,30642,29165,30731,26724,30631,29044,24314,21240,14993,7406,10,-14.12673617
758,58887,,13953,15283,15009,12112,10856,13289.76,8698.14,6252.84,7639.83,9,-8.302100985
366,56974,7682,7817,7499,6582,6129,6127,7915,6379,7618,7640,10,-0.254156985
453,57253,10401,10193,8458,8114,8774,10567,10322,9653,9203,7831,10,-2.886531277
726,58661,,,7834,8322,8990,9235,7996,6315,8627,7988,8,-0.583465405
817,59314,,,,,2867,8416,8165.43,9007,9266,8140,6,-0.664670746
74,55803,17400,21510,8944,15754,16332,17224,17555,7777,8319,8215,10,-10.14300178
1027,62442,,,,,,,3,6026,8319,8258,4,11.07472595
491,57354,9944,10740,11615,11059,10340,9993,10616,9473,9831,8311,10,-2.808638318
315,56836,28631,27341,28661,23746,27776,27557,19054,16623,14946,8508,10,-12.16489583
939,61005,,,,,,1319,9190,9773,9421,8960,5,-0.631639452
594,57813,12018,11826,12794,12346,11648,9041,6458,7659,9958,9161,10,-2.797298706
811,59302,,,,,3454,9508,7475.1,10360,10225,9189,6,-0.680204723
174,56414,10882,1079.1,,10260,10234,8893,9016,8395,9833,9438,9,-89.77907732
671,58113,777,9419,8775.36,7509,9792,8800,9589,8716,9258,9630,10,0.246462108
12,7771,,,10472.22,9445,10692,12350,9306,7568,10066,9736,8,0.434438886
69,55769,18831,20398,20900,19504,19742,20595,18523,18829,16223,10038,10,-7.576076592
875,60128,,,,,10791,11470,10858,11108,11111,10341,6,-2.051041143
627,57968,5861,10957,12038,11195,11563,11418,9411,10057,11272,10548,10,-0.421799615
7,2024,,14865,16249,13682,13682,14847,13205,13144,10805,10736,9,-5.048466526
975,61660,,,,,,,2549,10389,10559,10849,4,1.454657166
420,57130,12802,11083.05,11832,12717,12730,11487,11866,11806,11200,10932,10,-0.152357664
9,7381,12172,12196,10936,12220,12586,11177,12290,12151,12250,10970,10,-1.170251494
1034,62897,,,,,,,,139,10354,11194,3,3.977308411
527,57516,16191,176472,242593,214630,147301.45,919,8605,45697,38767,11614,10,-26.09043125
616,57889,2177,94228,130212,105655,47470.6,,8605,45697,38767,11614,9,-26.07499688
702,58441,,10879,11215,11369,11178,9505,11707,10224,13426,11791,9,0.628018325
490,57351,13996,13467,14671,14267,14365,13351,12074,11536,12287,11823,10,-1.436203021
684,58220,,11014,14721,14668,14628,15008,13080,13271,12936,11879,9,-2.645659032
839,59622,,,,,8430,15235,18151,18671,12871,12415,6,-4.011135755
714,58548,,6327,15808,15201,17115,16561,17105,19048,15544,12431,9,-2.959362171
537,57570,6513,12799.71,14463,13977,13961,13661,12004,12896,13176,12484,10,-0.27711189
1,508,13255,21978,10359,9806,10343,10580,10596,9950,13232,12744,10,-5.875657634
921,60700,,,,,12742,12706,12295,12215,12184,12758,6,0.08171743
359,56967,13165,13494,13209,11564,11626,10267,13533,11293,12562,12806,10,-0.579772032
175,56415,15827,14290.65,,15893,14930,13731,13915,13409,14823,13831,9,-90.33047393
579,57756,15156,11914,16270,12866,14164,,12921,11878,13760,13944,9,-1.909945091
172,56408,18415,5952,6271,6235,5891,23378,20756,15456,13200,14008,10,9.976898505
414,57118,43701,40592,42190,39070,39760,42242,40313,37279,20784,14043,10,-11.12493355
685,58233,372,18559,18506,16806,19170,17614,13714,14587,13636,14179,10,-2.946742974
398,57093,45768,43971,42376,37035,42051,41131,30221,11095,20687,14685,10,-11.47241375
19,10005,23258,24822,24587,27126,,21030,9474,13972,9553,14693,9,-6.232871353
654,58044,108,11332,18414,15193,7084,11784,12039,11188,17666,14787,10,3.001014146
14,7886,20277,19017,17717,16758,16099,16460,15404,15977,17543,14911,10,-2.666407856
477,57302,18737,17779,20072,18470,18632,17192,15862,13972,14560,15032,10,-1.847571696
76,55805,33502,34214,17645,17796,32771,38783,34107,19796,17632,15050,10,-8.721121742
20,10191,14343,13228,13895,12097,15248,14072,14337,14038,13800,15163,10,1.528479732
966,61540,,,,,,14974,15600,16900,15500,15740,5,0.223607849
51,55353,28121,24227,29285,27844,25809,20220,19699,19416,16254,16412,10,-4.234986476
87,55995,21759,,,21053,22225,2851,20220,17518,18667,16500,8,-3.421285169
768,58939,,,3,15887,17782,18232,18253,18220,18227,16781,8,0.785153854
367,56975,17718,17935,17718,15629,16909,14567,18228,14605,16837,17059,10,-0.554857031
521,57474,35940,29972,21957,27101,25159,22565,25892,23379,14164,17245,10,-5.956778607
2,692,17493,17893,10317,14703,8182,18217,17439,15534,16121,18094,10,0.124197246
361,56969,28521,29364,29113,25626,28062,23802,28785,23868,24289,18171,10,-5.193000626
214,56543,27313,26303,29180,27804,27643,25282,23978,22847,18710,18971,10,-3.56567168
346,56934,23923,24827,26647,20562,24506,22110,24869,18646,18993.97,18982,10,-2.938630698
39,54298,28740,26587,22464,20437,28310,25885,26476,25544,27712,19184,10,-3.561109934
364,56972,19838,20098,19926,17304,17759,16048,20724,16444,18876,19285,10,-0.457757039
136,56300,11568,10877,20834,20328,20131,21534,21461,20936,19999,19729,10,6.839754816
588,57775,22626,21497,20542,24468,24935,22299,24455,27489,26573,20704,10,-0.416756618
1018,62161,,,,,,,19597,21419,21227,20717,4,-1.104645463
686,58238,76,25395,32511,33148,30937,30490,26455,28898,28952,21096,10,-2.039676406
351,56946,65664,63982,63311,57205,60798,61223,57582,65489,46400,22035,10,-11.16958446
362,56970,25964,26947,26215,23104,25264,21717,27321,21832,23054,22096,10,-2.181143393
217,56560,246494,237604,252875,227541,249811,246548,195672,141892,71498,22229,10,-23.14466502
345,56933,22739,22623,23075,19137,20559,18807,22544,19143,25198,22869,10,0.120241051
27,50532,,25055,25410,20576,20410,22929,22219,20612,21799,23445,9,-1.001025362
624,57963,119,24170,26447,24054,24727,25300,18209,13192,26055,23956,10,-0.098766531
449,57240,23296,27728,27942,25428,24765,27099,27212,25119,25970,23991,10,-1.595621492
40,54453,44345,33518,31274,30211,26039,23308,3484,12660,20921,24288,10,-3.51560609
703,58444,,30506,30648,27829,28226,26760,22028,20974,23994,24328,9,-2.845474838
672,58114,410,14574,14033,12734,13774,12895,12046,18387,19569,24334,10,5.861292748
826,59417,,,,48683,77414,57557,54664,52353,39832,24434,7,-17.48570814
513,57434,33728,31131,32893,32572,29917,31690,27443,26850,26004,24604,10,-2.580510452
789,59070,,,,,26485,26511,25547,20092,25284,24736,6,-1.376440599
365,56973,24316,24926,24934,21315,21179,20004,25553,20643,23087,24845,10,-0.036159132
435,57187,16313,26699,23323,29107,29309,24155,26170,25015,24682,25238,10,-0.623330477
32,50553,44665,46688,46637,43200,44987,43827,37618,28500,29640,25666,10,-6.43183721
363,56971,26111,26822,25945,22916,21616,20878,26503,21184,24782,26209,10,-0.256554591
142,56308,23644,22310,24775,21789,25760,25765,26234,24534,27462,26569,10,1.960187748
932,60932,,,,,33424,30254,29140,27593,28854,26687,6,-2.477822308
227,56591,22847,24620,22928,20016,22270,11478,22191,23150,23877,26730,10,0.917824293
976,61668,,,,,,14280,30553,28829,31763,26735,5,-3.282161507
177,56424,312189,308821,320129,314983,301552,284258,262109,259080,202560,27072,10,-23.69819089
772,58966,,,19965,31605,33312,31550,27581,28490,33882,27531,8,-1.952160718
265,56670,30577,28887,33694,28550,28601,31851,25978,27448,30101,27852,10,-0.404589211
42,54686,43359,38733,36690,34060,37610,,34847,23451,24544,27921,9,-3.356442738
206,56493,47492,46745,51140,45841,37747,43327,41009,37976,39185,28186,10,-5.46585554
215,56544,44297,42901,46422,42967,42091,40040,37729,33648,30160,28763,10,-4.345056742
626,57965,324,21934,31140,28256,29160,29763,22400,15678,30868,28769,10,3.059886199
834,59492,,,,,,21712,27901,26115,24782,29246,5,1.183961027
897,60404,,,,,1609,30387,30544,31082,30216,29562,6,-0.548990163
107,56153,40939,36240,37735,37928,36424,33805,33024,32301,35550,30036,10,-2.064685354
538,57578,28441,30948,30295,27535,28853,24519,27922,26324,31859,30203,10,-0.270379586
832,59490,,,,,,22829,29468,28489,26423,30332,5,0.725074327
23,10718,30489,28584,23329,28552,27156,26991,31227,30699,29328,30500,10,0.723488656
356,56959,163839,145999,159880,134254,136020,145153,131943,98167,44430,30670,10,-15.91721279
52,55354,31686,29814,36421,32944,32850,31552,26389,22600,23038,30671,10,0.315379622
835,59493,,,,,,22197,28524,28126,25435,30931,5,2.045975891
791,59076,,,,,9671,26128,31245,25282,35609,31704,6,3.944515287
187,56443,29246,28195,30056,23773,30264,26633,29883,28916,31616,32392,10,1.553801461
979,61677,,,,,,,13173,30857,34654,32770,4,2.025229482
833,59491,,,,,,23670,30914,28425,28209,33258,5,1.8439492
836,59494,,,,,,25523,31931,32023,29630,33350,5,1.092940622
779,59003,,,17342,29845,35548,30775,32031,33911,40336,33607,8,1.71042097
50,55342,22839,21567,22907,10915,17147,12920,6848,11360,32259,33983,10,5.181977301
451,57251,38276,38609,41421,38525,37035,37144,34364,33751,36420,34151,10,-1.354011247
186,56442,32751,31491,32787,26491,34029,30416,32515,30706,34130,34327,10,0.962720466
248,56636,46106,38839,41453,32111,40876,40876,38169,37139,37076.56,34615,10,-1.271160323
710,58464,,,34956,34158,38695,38430,39144,38170,36166,34984,8,0.341926022
181,56435,34438,31830,33975,28758,31284,28090,32707,30219,33170,35057,10,1.078733118
184,56440,32486,32318,35321,28014,31054,29858,33492,31676,34404,35397,10,1.016270644
452,57252,40886,40231,43099,40508,39300,37537,36106,36079,38784,35726,10,-1.310878024
711,58465,,,36373,35045,38823,39602,39144,37961,35857,36411,8,0.547751515
733,58691,,,,,3448,54211,51547,50096,47523,38230,6,-6.746878961
166,56386,74133,81421,91779,87478,84370,82577,72227,66759,48847,40004,10,-7.592452766
138,56302,124136,139369,158538,151583,178931,172388,171892,148722,81991,40096,10,-12.92737214
141,56307,61706,59686,60767,59207,57259,55159,47270,45609,47889,40776,10,-4.145019563
769,58940,,,4,39972,40666,43426,44291,44302,44192,41086,8,0.393460917
183,56439,36595,35646,38403,30428,38580,34625,37867,36487,40411,41189,10,1.618901045
249,56637,48276,42404,44719,34624,44697,38682,43448,39824,37614,41265,10,-0.302076322
347,56935,45039,43378,45077,35488,43190,38814,43082,40035,41982.27,41338,10,-0.533794962
701,58425,,44784,47813,50562,56022,47715,51829,48221,47201,41759,9,-1.67804349
30,50536,110279,162677,172090,130557,136626,138302,121860,99861,36984,41805,10,-14.01284823
31,50552,71929,66611,56710,57036,57869,56819,63695,47929,33916,42473,10,-4.877069695
22,10597,62838,63019,66775,53707,55674,48346,45134,43666,39458,42510,10,-4.280112942
328,56860,47083,49183,46999,44552,45632,44672,40901,39474,43742,42911,10,-1.504345852
569,57721,47634,51700,51207,48918.87,47017.08,48947.58,44870.76,37859,56150,43334,10,-1.942226888
696,58404,,,23526.36,30707,48090,41960,50390,47512,36972,43392,8,5.063818909
395,57087,52452,8013,67666,78906,90127,71266,74842,54199,68086,44205,10,20.89503699
273,56751,39991,46031,44786,45915,48248,46460,44398,49052,46312,45624,10,-0.098631202
460,57274,60395,60042,70892,62541,64930,58922,54123,54817,51883,47453,10,-2.580613217
309,56819,143723,127869,131894,146968,145288,149633,144762,153571,121006,47580,10,-10.40258844
93,56052,73780,80279,86810,74089,81824,82055,78045,71047,70865,48440,10,-5.458505239
742,58768,,,10154,56254,54969,39905,45405,50358,49701,48797,8,-2.011050457
44,54909,50812,48656,46726,35278,48993,48641,48422,47619,43524,48827,10,0.038988794
604,57853,1919,51837,48264,51738,51509,52290,51896,51462,51695,49114,10,-0.597762398
126,56271,65578,65334,58266,60768,63351,58306,63301,54003,56046,49607,10,-3.013447088
79,55871,49399,55453,54031,49307,50129,41128,45542,46016,52887,50165,10,-1.107359167
245,56633,75333,71379,78400,75629,73098,78605,73426,63638,54981,50334,10,-3.807005889
277,56755,64863,63057,65487,65282,61527,56169,58762,44860,57954,50998,10,-2.330770876
376,56991,42442,53938,55704,60895,57056,51780,53067,56636,57105,51819,10,-0.444325069
67,55742,56406,54058,58949,53302,46660,48308,39872,45408,52709,52038,10,-0.422254027
511,57431,12491,48986,53793,44365,53616,46579,47798,50137,50925,52699,10,0.815103326
535,57553,63729,60769,65018,64766,60350,61479,52955,53881,60955,53160,10,-1.475380859
495,57375,68330,64746,67287,66281,64864,49221,52285,55319,60463,53245,10,-2.149538906
37,52162,14816,18640,16839,13347,16012,16521,15766,12194,,53595.63,9,15.57173562
575,57749,60426,54268,59691,49976,60872,52380,53285,52110,53480,54175,10,-0.01905582
501,57396,60092,56217,58981,57393,56086,45021,40961,48055,55838,54983,10,-0.246309002
507,57427,13271,49467,56392,46727,57037,48920,54291,52259,53812,54992,10,1.183413574
244,56630,62387,55891,66610,67415,47148,56594,50813,46808,59419,55178,10,-0.14255432
199,56470,69108,70760,71682,59454,67877,71214,73266,62059,68127,55692,10,-2.625554204
620,57935,,71010,71779,72784,73845,61514,65514,60106,46088,56648,9,-2.915835552
759,58891,,,3309,76948,79391,186928,181237,71534,66478,57438,8,-4.091428009
650,58026,56374,59387.13,63185,66324,67647,62325,59126,60175,55861,57718,10,-0.316259431
509,57429,19157,52669,59184,48256,58880,50837,57625,55289,56532,58038,10,1.084403281
430,57171,38996,54805,59420,57147,60790,59276,49771,51692,55746,58078,10,0.646587006
393,57082,28501,44748,69480,65878,80196,66732,64083,63843,51069,58192,10,2.961918981
722,58620,,,,,,10597,57424,56925,58001,58282,5,0.371462303
419,57126,62833,61764,65032,52415,66803,60078,63278,62906,67735,58529,10,-0.595976004
656,58048,8644,84568,93530,76187,72976,78657,73127,75256,65168,58733,10,-3.969661813
269,56699,51035,60148,62100,58865,56344,61744,62385,57980,60465,58746,10,-0.261713887
182,56437,54588,56038,59015,47104,52557,46049,56611,45845,58940,58962,10,0.566745924
279,56764,66759,65337,68233,66387,62478,61920,54716,54287,61923,59042,10,-1.119348553
200,56479,290594,255566,265943,240200,154794,176124,204621,215241,143104,59561,10,-14.94151245
508,57428,16511,54349,60610,50491,60594,53162,56987,51738,57717,59701,10,1.049048291
104,56112,70107,72991,70313,71124,73553,63387,68955,67870,58309,60080,10,-2.139656807
45,54979,67387,77283,85997,72854,69842,54863,36747,65121,73449,60644,10,-2.657963113
510,57430,16585,55718,62680,51328,61814,53086,60140,56858,57745,60714,10,0.958689146
581,57760,63951,57482,65995,50427,54521,58372,57341,57102,63049,60838,10,0.632466548
66,55741,74794,77923,76354,64652,79739,71153,67749,64623,71721,60859,10,-2.708872007
222,56575,52552,52398,46824,50585,58717,54184,46426,26365,51698,61315,10,1.761513591
390,57078,33373,42237,39527,37981,38311,34876,28205,26365,51698,61315,10,4.228374131
514,57444,17983,56631,62355,51309,62172,54107,59244,50458,60327,61349,10,0.893101594
392,57080,80869,83582,88833,87516,81446,90865,84972,74629,69499,61466,10,-3.357282695
171,56399,63662,69583,66642,68114,68965,64338,61638,66519,67678,61799,10,-1.30949608
135,56299,47985,55246,66929,63448,59276,63406,68727,46147,57209,62006,10,1.290874267
750,58833,,,,23579,65784,62522,68990,64351,68847,63419,7,-0.608361054
180,56434,59965,57909,61263,51242,56379,48173,61297,56106,62600,64325,10,1.174348011
582,57761,71169,63972,72527,57406,63878,64849,65358,65015,70303,66127,10,0.368807849
185,56441,62085,62870,65089,53270,62402,54469,65012,60455,65964,66230,10,0.580170174
666,58103,26718,79920,83392,82059,79808,79870,75432,73752,71613,67499,10,-1.85931251
417,57124,61857,61140,63921,51717,66766,56915,62994,61653,66836,67718,10,1.141866837
357,56960,85028,86950,89580,72216,85648,83593,80316,76793,86605,67746,10,-2.734881766
34,50754,65450,62709,55517,54537,65658,62262,64995,58543,62223,68348,10,0.961339505
543,57595,164750,181065,180216,170294,173382,183616,168849,156670,169073,68631,10,-10.21840571
46,55125,69380,63440,67562,62338,76522,63777,67548,57529,83624,68658,10,0.882124446
327,56859,76194,74381,75755,73621,72481,67288,62250,65489,66878,68679,10,-0.882274439
574,57748,42260,41878,39037.68,36650,39552,37147,38720,66410,77241,68976,10,5.701005642
110,56172,149247,143171,154742,144044,131197,129720,121051,116604,133105,69512,10,-7.714417367
468,57289,4596,111839,118739,129031.33,127057,120625,115319,104836,85200,69637,10,-5.127896272
38,52163,19584,25968,22336,17296,20601,16355,18824,16181,,70905.78,9,15.53392553
418,57125,34725,63157,66813,52909,69005,61237,66824,65322,69699,71031,10,1.314033095
112,56174,160805,145412,156516,142542,153551,153239,142405,131255,109904,71344,10,-7.606867926
827,59435,,,,72005,76448,73621,69674,69976,73104,71818,7,-1.035858152
71,55790,58567,68252,67944,67350,62451,44448,53873,79129,62122,73372,10,0.806968063
655,58045,1624,107297,109376,114562,119515,117291,112440,109664,71992,75322,10,-3.855149313
642,57999,4023,92715,101858,94853,97125,100626,99620,91716,79188,76671,10,-2.08905638
26,50281,74539,78855,69706,80645,88967,87582,91854,88707,85980,77280,10,-0.22392151
860,59953,,,,,,,,6040,80222,78054,3,-1.360505152
614,57887,40227,92081,94864,85670,92061,93903,91113,92644,83294,78258,10,-1.791072431
497,57380,5474,99905,95197,90308,84557,89361,77326,78974,87197,78477,10,-2.64672313
950,61155,,,,,,,65813,78830,95098,78868,4,0.016065751
230,56594,84738,89405,96450,91293,93773,96783,58006,33227,89203,79117,10,-1.349136895
499,57386,94361,85999,87662,88187,89030,84738,79411,77409,85849,80511,10,-0.730009582
790,59071,,,,76495,91593,88296,76961,76086,81048,80723,7,-2.083510456
296,56792,176473,138481,143635,149764,158762,147796,149655,141037,115298,80932,10,-5.793445509
982,61746,,,,,,,20616,77395,77512,81680,4,1.812462455
970,61584,,,,,,,1572,77355,71389,82460,4,2.153122613
981,61745,,,,,,,19382,79726,81278,82659,4,1.211545647
512,57432,124028,118750,122815,119740,129426,131215,115436,110679,86066,83457,10,-3.842975325
651,58035,,,,,6313,104351,117362,117792,120229,84208,6,-4.198712113
97,56092,138286,129436,142024,127947,137680,122855,112402,96513,84448,85288,10,-4.529253952
901,60486,,,,,15971,82203,79995,82561,89848,85334,6,0.750425092
134,56297,152324,140893,147864,155945,146775,159284,142699,152207,132071,86899,10,-5.227879969
633,57980,19581,91329,96637,82087,95452,89947,93615,90567,91428,87415,10,-0.485500713
157,56369,87566,94308,97984,90934,90562,96763,97027,89458,94503,87926,10,-0.775537844
109,56162,172428,185115,194809,192618,176314,162168,166509,127261,122079,87965,10,-7.934593025
94,56054,100863,100982,108104,99133,97310,82592,85526,82378,93433,88113,10,-1.503277382
459,57268,96666,104419,111301,102089,106340,103231,87357,86293,99032,88177,10,-1.860971529
386,57045,94472,84938,93096,93930,98369,91243,75347,80025,88303,89246,10,0.551236226
211,56536,129330,120611,128913,103678,114889,119210,103828,102162,89797.41,89884,10,-3.214430893
241,56621,306298,308396,310018,280617,289642,274423,269646,241080,187319,90966,10,-12.68565594
84,55986,138972,166780,145439,89049,111319,156421,146483,130642,133768,91219,10,-6.484764728
290,56782,90956,93175,96542,89144,100119,93502,85815,94948,98541,92522,10,-0.078113823
940,61039,,,,,,5577,89116,103027,104111,93411,5,1.183706492
647,58019,2953,89198,97746,80914,99294,86357,96497,92795,92624.75,93650,10,0.542642679
298,56794,183766,152722,159342,163551,174652,170658,164653,149932,129066,93953,10,-5.254943081
795,59147,,,,10806,91215,104028,108781,97514,90454.57,94521,7,0.595141887
394,57083,16626,106923,117098,115845,110643,106827,107475,115172,101392,94669,10,-1.343365789
36,50821,28670,44089,35493,27245,36900,34238,62516,52089,97991,94836,10,8.883063377
300,56796,84095,108348,118260,111839,109193,115339,108415,102726,108090,95853,10,-1.35224612
448,57239,116618,118570,111798,101378,99398,108468,109095,100476,103898,95967,10,-2.322592994
212,56537,134179,124668,127169,109482,115741,115775,106037,101415,83069.74,96097,10,-2.850755763
640,57996,3206,83970,79754,87734,84144,74012,89025,86650,91182,97532,10,1.677480277
64,55739,102840,89157,99604,84165,96898,90669,98535,74241,106205,97873,10,1.04174274
43,54793,275556,216668,196897,203276,222302,214578,192916,189892,207288,98349,10,-8.401970623
270,56700,95998,108803,110650,107942,108137,109531,107892,96072,107711,99499,10,-0.988320512
720,58608,,,,47556,98307,98574,94915,100141,95953,100022,7,0.288664613
188,56446,97965,102827,91212,102998,94980,86416,98294,87875,85267,102214,10,-0.066414711
192,56450,183205,153373,146651,183624,198797,220858,195181,202278,187761,102214,10,-4.408793892
383,57039,94789,103727,98411,78271,95925,84559,100324,75204,109272,102523,10,-0.129641272
397,57091,128867,131541,132239,111639,129793,123764,123734,119976,125813,102892,10,-2.692409488
113,56195,109373,102602,107566,91035,116764,93507,113681,87601,121150,103619,10,0.109652129
216,56555,142399,133752,132924,123562,121050,125957,114043,118433,85931.73,104601,10,-2.694523542
101,56099,184102,135767,179616,175394,167719,162357,144583,135510,98406,104610,10,-2.855126582
890,60329,,,,,4571,93053,112546,100832,113338,105420,6,2.527065319
498,57385,106029,94423,102380,93859,99185,97373,5936,84674,56508,106070,10,1.300771443
165,56383,208230,201466,217718,209253,204649,194481,174300,158114,139776,106826,10,-6.806390312
65,55740,135098,142833,151233,117679,145855,147623,138698,136244,151174,107328,10,-3.125519514
443,57201,100478,102938,92898,96936,90591,88116,98264,87517,89359,107479,10,0.480803439
96,56081,272563,261998,272342,236371,254212,247587,231372,231100,214503,108140,10,-9.364421742
609,57867,99392,133810,133174,128561,133297,133463,124985,129123,126171,108770,10,-2.275763918
603,57852,4318,100724,108952,111893,111795,111846,108393,111471,113950,109068,10,0.888226392
59,55579,252607,264529,259869,209123,198781,121412,113650,118242,149175,109598,10,-9.326362659
247,56635,136806,122326,132504,131544,125581,124388,111355,121616,123280,110106,10,-1.162589905
191,56449,121218,101510,108980,110677,110484,90327,101594,88849,108503,110297,10,0.926705476
88,56001,141670,163450,153944,143487,149395,140765,137666,128273,131175,111596,10,-4.151602574
91,56011,118425,111220,109662,104409,116855,116575,113364,111678,103235,113452,10,0.22101742
677,58141,6308,97570,108413,114765,121408,112974,105237,107744,106749,114079,10,1.752073197
190,56448,133105,136132,132558,141945,131836,134576,140753,139318,132410,115903,10,-1.771579353
374,56989,107151,139696,136411,151378,141763,124164,116263,119050,126739,116606,10,-1.98740659
246,56634,172095,169541,181942,184354,182377,187133,171356,135139,115826,117446,10,-3.996993887
28,50533,30473,32420,32333,31806,32833,31822,29908,30876,,117697,9,17.52761522
683,58218,,144110,136350,127626,130661,131182,124402,120862,145990,118040,9,-1.786371278
403,57098,112688,107393,117246,104882,112321,123484,110551,118868,111125,118509,10,1.100386918
102,56106,28500,30599,28800,22683,13368,1455,59057,116156,127177,118864,10,16.27398779
496,57379,114097,110934,121525,107261,116380,127022,113527,122910,114148,119130,10,0.79514354
162,56378,111903,114715,103590,97903,108686,76472,112378,111121,118805,120760,10,0.572234524
731,58686,,,,,8199,138190,140856,145792,132561,121569,6,-2.530386152
421,57131,156733,147321,153622,151907,145459,144709,135620,145488,135100,122048,10,-2.069393215
556,57635,141598,149226,147475,132595,142458,119098,139555,123466,105189,122562,10,-2.163420638
536,57568,109917,126557,124221,125865,122120,122428,119888,130108,125018,123100,10,-0.307257732
763,58904,,,,126790,129173,132031,130483,125544,126412.11,123293,7,-0.77347574
621,57947,125783,128267,117766,109380,133289,126435,126569,132292,129086,124325,10,-0.346231723
85,55989,292756,269733,274382,238200,284876,232629,286622,223957,302732,124422,10,-8.238064341
596,57830,50423,173121,163746,165205,188002,182757,162617,166438,149277,124561,10,-3.591638082
424,57139,125222,138700,148828,129457,137512,147258,138776,116444,136798,124987,10,-1.150042484
935,60991,,,,,,53523,134368,132852,137921,125690,5,-1.655241472
144,56320,214495,219096,196705,180449,202556,177458,177387,171157,182052,126529,10,-5.918078056
92,56012,202696,194912,161039,144059,138295,164451,159463,142446,132375,126689,10,-4.674048738
764,58908,,,,148329,144759,147261,138780,144630,143417,127024,7,-2.154685155
164,56380,349694,388053,379362,318460,336352,245186,281431,263119,236181,127214,10,-11.65486241
349,56942,351243,337107,351039,349376,319889,313238,187982,339199,151122,127648,10,-10.22850214
887,60314,,,,,109540,143013,141205,129194,143072,127966,6,-2.19888286
480,57319,121070,114918,126286,103866,123028,118358,119320,109221,144834,128599,10,1.257622445
530,57529,18169,113511,116631,137284,143287,120237,125802,93186,103768,129102,10,1.440307688
1024,62291,,,,,,,3537,139177,141079,129347,4,-2.412027196
597,57832,36199,133104,139290,146754,136570,140206,127364,128351,129927,130700,10,-0.202307936
254,56647,140979,152238,156777,105371,144624,149651,130998,144165,149647,131642,10,-1.602126854
33,50690,125992,121571,111118,114519,110141,110549,120084,118956,121948,132842,10,0.990001721
504,57417,146983,145707,145887,148507,142166,143888,129660,128224,129530,133953,10,-0.93018855
369,56980,134800,150671,158962,147775,143141,153220,153885,148703,148370,134575,10,-1.247453836
465,57285,92142,138758,148962,150024,155711,153305,152266,126487,143791,134868,10,-0.315444606
99,56094,257105,262281,282083,267989,279175,219415,187863,182809,280291,135377,10,-7.084867501
800,59222,,,,,63856,137270,148751,144070,143332,137148,6,-0.01778151
116,56211,133090,114990,125722,109446,114330,97304,141733,150322,145425,139075,10,2.135461349
380,57032,154883,147319,169562,150954,159794,161449,151822,139342,143736,139379,10,-0.613703127
1020,62227,,,,,,,,81590,148388,139857,3,-2.917106131
239,56619,157758,164433,176555,173476,168823,173192,143878,158121,167227,141916,10,-1.622994724
258,56651,143874,140685,160009,136361,145643,150759,152454,148864,158932,142983,10,0.180188739
381,57033,143499,136028,152876,147665,149688,161593,143039,137190,141294,144103,10,0.64280803
423,57137,153678,150135,161908,139389,173247,127380,169208,133022,189617,146035,10,-0.307178021
295,56791,138165,147149,139555,138437,142584,125120,146670,146963,143444,147943,10,0.059811053
375,56990,126677,134228,137138,151886,142815,144229,151117,154962,151915,148200,10,1.106329125
176,56416,167975,159872,163051,169116,170110,170916,158384,163112,169200,148354,10,-0.827360438
72,55795,167769,188196,185401,154791,149046,159298,109129,143604,164168,148633,10,-2.588181574
75,55804,170146,169776,170217,172515,178852,149325,116850,124079,128437,149567,10,-1.398303504
132,56295,134281,148277,139936,126691,142816,118478,155655,156884,143525,150994,10,0.201958716
308,56818,294322,299050,293767,275377,276422,274815,276900,236922,240490,151059,10,-7.307465899
632,57979,13780,114861,179030,192481,166213,167297,160513,158773,168774,151245,10,3.104759796
466,57286,327744,360057,347469,303897,319988,308332,306396,331548,300295,151313,10,-9.182985611
238,56618,167537,176284,186202,174931,175117,171184,146834,167892,175928,151380,10,-1.678018422
49,55287,195964,192947,192596,185884,154290,152092,134257,136692,151264,153814,10,-2.487120349
61,55607,108555,113973,110628,104354,138352,126928,133413,121307,49196,154512,10,3.439037423
578,57755,165921,179589,176624,166501,162132,159474,156238,150704,195468,155137,10,-1.613095861
953,61222,,,,,,10223,181456,170581,164891,155498,5,-3.785978237
297,56793,326293,325519,358037,338720,328729,305877,287870,279753,241682,156218,10,-7.833573794
73,55796,165545,188866,197038,167987,163825,159298,142902,150969,172586,156256,10,-2.084001321
751,58836,,,133525,168631,175427,162701,153680,151130,164780,156380,8,-1.071700967
483,57326,189982,189866,191460,164420,186976,167297,168644,164433,162885,156882,10,-2.097953887
573,57744,48262,172620,181260,172512,183462,170685,168245,155448,173242,157969,10,-0.98064705
467,57287,168878,180041,173689,180225,182013,177107,173219,183854,175920,158767,10,-1.387472235
275,56753,227793,227852,255792,183055,211254,216909,5674,198886,156303,160538,10,-3.816012396
861,59965,,,,,104485,153706,155251,165201,163084,160731,6,0.897815871
264,56669,662973,620652,702923,592928,643314,515150,621206,602534,373198,161425,10,-13.89792333
333,56901,172457,162062,186420,170110,170107,175637,168488,171503,184627,162493,10,0.029514864
461,57278,13114,168717,177965,172882,177227,162148,158696,157326,170020,162638,10,-0.406901934
517,57459,153373,165450,154429,155357,165961,128856,171876,172485,162110,163176,10,-0.153655845
149,56347,188161,181366,176921,193496,177225,173780,163498,176428,184025,164637,10,-1.069506765
352,56947,272757,259818,271773,257511,260004,241463,234821,206759,186966,166612,10,-4.816938087
433,57177,214956,143785,134214,188468,206549,193258,192074,206423,187807,168130,10,1.753172573
78,55816,86967,90300,93546,87892,88330,86939,78079,66379,79296,168608,10,7.184569906
137,56301,178428,154011,183793,142898,174811,172117,171358,163896,185417,168800,10,1.023991202
196,56460,263997,251047,240923,237722,262259,230039,257254,239687,265372,171165,10,-4.16640727
21,10586,168645,162659,176326,152363,173868,167738,151385,153820,147797,171680,10,0.60153862
450,57244,201211,182628,192909,171382,185296,175696,178574,164812,187846,172452,10,-0.635001514
159,56372,238504,238533,249477,206118,238264,229886,215556,217876,194772,172684,10,-3.525727031
638,57991,118876,198720,211196,192313,198012,206443,206538,183138,197222,172711,10,-1.546550834
272,56750,172408,160652,174721,173212,171204,163344,12640,154098,99389,173302,10,0.845725134
242,56622,164040,161047,168556,181862,169679,170903,166050,175386,183644,173526,10,0.832683194
379,57031,175014,169217,180892,174645,182328,186304,177561,165726,173806,174859,10,0.36508727
617,57890,60244,132629,164441,146002,177234,171099,159639,162640,183405,175122,10,3.136254865
335,56904,191750,188488,200475,211398,209629,208469,190821,197103,207008,175292,10,-0.803214516
240,56620,192557,203537,206554,205313,204398,210434,192710,206373,196262,175497,10,-1.633465838
353,56952,167568,169775,172653,134695,152128,140686,170919,189290,195046,177371,10,0.487512864
472,57293,150322,178777,168320,134744,183393,162752,178715,150299,161959,177821,10,-0.059557733
55,55560,402669,361447,367594,319124,381650,311660,383995,322622,436102,179237,10,-7.49745718
476,57300,181773,175372,174598,170193,182563,189723,194413,171616,190267,179659,10,0.26870679
266,56673,170160,208661,233493,209893,209372,194941,131907,202291,179607,180624,10,-1.59047623
62,55719,212098,213164,201736,194716,183827,156253,197485,196597,193742,181140,10,-1.79253514
519,57468,124670,158366,176837,181425,218240,223564,202870,205477,177125,181174,10,1.50622071
168,56392,169603,155192,180425,164838,167626,169490,146839,146919,131509,181891,10,1.779475608
41,54454,178487,182188,185544,180105,187884,163933,184919,182515,184353,183137,10,0.057743172
631,57976,250760,219522,248206,264801,271002,257148,225362,234072,102582,183891,10,-1.948644334
338,56913,167476,135965,157842,137668,150447,150096,129935,151165,201517,183905,10,3.412740072
1028,62445,,,,,,,,24222,179137,184391,3,1.455877483
332,56879,147793,136776,133776,140907,159431,161942,129959,119379,138029,184449,10,3.378351071
337,56912,143538,135757,143101,146910,156668,156314,137862,162703,183993,184602,10,3.473815431
615,57888,30609,202445,211011,213412,209752,208805,193912,198829,203344,185224,10,-0.982941035
336,56905,373156,369087,351602,280498,240852,176099,330784,277995,262624,185273,10,-7.371933591
515,57447,196473,212363,237231,222352,220373,249570,247152,231820,229922,185748,10,-1.476832461
282,56770,203795,212442,222286,212600,216696,211878,217768,199801,201838,190294,10,-1.215867479
152,56357,165805,166693,171190,159780,167726,157768,137842,130402,177564,191167,10,1.53379477
221,56573,171502,152404,185523,170000,175559,172333,147446,146841,177775,191994,10,2.599082431
648,58020,8315,199706,205370,229944,220120,228120,213432,222408,220986,191998,10,-0.436393134
856,59838,,,,,199426,212212,209033,220788,216646,193211,6,-1.858569941
880,60210,,,,,,161739,197743,198020,192419,195342,5,-0.304942584
194,56457,300284,300441,311362,277877,294560,268987,334664,340171,332992,196105,10,-4.629428452
492,57357,205728,233231,233310,184348,214000,215606,212929,219898,230293,196105,10,-1.90799781
193,56451,169760,162302,202479,188143,202849,212986,215962,194116,214046,196306,10,2.136002454
1000,61925,,,,,,,18801,188123,187433,196640,4,1.486900718
405,57107,206775,155246,199197,187583,214357,212006,197100,200272,195113,199311,10,2.815066558
840,59629,,,,,15320,245299,225044,227468,224860,200165,6,-3.985135661
847,59712,,,,,,268153,328354,306204,268675,200366,5,-11.61665598
608,57866,297375,320760,295277,281223,255525,201775,288583,255517,244370,202345,10,-4.990281732
500,57387,204982,205497,228550,216766,217168,226965,213682,198904,207149,202740,10,-0.149965942
682,58209,,234132,255013,228481,238018,240893,220984,165266,204693,203534,9,-2.779168549
877,60143,,,,,32855,194500,209308,206635,216916,203889,6,0.947330336
281,56767,362004,332329,283023,276576,315679,317435,311424,297394,276807,204009,10,-5.277434084
415,57120,188997,195047,203805,182615,198055,193580,177010,163382,204659,204340,10,0.518503132
463,57283,235654,235994,230071,207983,216680,219752,206349,202167,195468,205771,10,-1.511159863
601,57844,10909,219005,221965,251019,257192,224727,306849,302879,235601,206153,10,-0.66970242
958,61330,,,,,,11993,194450,206597,200813,207604,5,1.649896876
274,56752,171517,166925,191636,140488,161155,164766,4326,158608,110374,207903,10,2.469180626
679,58155,,209940,208802,191845,222162,234607,212667,220756,212188,208377,9,-0.02546545
150,56351,413996,490566,476587,461099,408557,310296,377126,373643,371227,208800,10,-9.054450795
283,56771,186150,172757,182605,163470,173901,146565,127865,56931,64821,210675,10,2.229270328
727,58666,,,,18960,203443,218555,208480,218361,214900,210826,7,0.595889757
743,58769,,,35823,209743,258507,236258,235745,232019,243706,212958,8,0.217550462
803,59238,,,51833.71,213570,242014,231478,227328,231729,230121,213770,8,0.01337265
286,56775,410498,403882,413583,362221,402529,387717,306451,301275,279617,213981,10,-6.814841968
377,56994,310521,328702,344791,334728,311843,312966,270862,265376,224678,215117,10,-4.601537319
587,57774,211501,310045,284942,249711,299341,285384,290314,267298,278347,215580,10,-3.957189681
179,56433,281975,273943,283265,122352,141609,256088,285293,257823,260357,215703,10,-2.620796099
331,56878,186473,117549,115290,180530,213407,246616,228443,230912,233507,216319,10,7.011545517
382,57038,280347,232623,269839,239495,268839,271815,228732,244356,257051,216375,10,-0.801284727
457,57261,470229,471675,477621,432303,453831,402025,403569,359807,328958,216478,10,-8.289515064
257,56650,211033,201627,217577,208755,212640,199711,180242,175580,224791,217930,10,0.867681102
68,55747,246104,219693,223914,168091,152680,175949,149851,208256,237991,218740,10,-0.048291751
322,56854,206421,213905,222066,180736,199030,179354,215010,183895,240951,219421,10,0.283292379
410,57112,249120,180188,161358,222262,248764,252547,235645,250044,241687,219655,10,2.225030225
106,56142,267681,222029,220214,222800,232289,228713,211623,201508,227154,222046,10,0.000850711
354,56953,254570,267335,270677,258144,267599,230660,246715,255092,258716,222179,10,-2.034781915
294,56790,210755,226657,228534,196798,206106,183978,206141,192853,224221,223157,10,-0.172765055
252,56644,391311,371034,395352,337000,373704,384474,325833,289949,274550,225094,10,-5.401694591
293,56789,218627,227768,231831,195022,199872,180862,214678,195931,255711,225159,10,-0.127926413
644,58004,138729,222031,236526,240617,215466,207769,214237,233010,235334,225562,10,0.175465471
323,56855,213819,220081,224945,183762,201811,183153,221498,189718,253333,226513,10,0.320586985
793,59084,,,,,195067,306609,288918,283378,262092,227516,6,-5.792515185
334,56902,249119,263290,267810,264159,264773,272083,257253,266649,264657,227891,10,-1.591517603
313,56831,315656,295055,312441,287170,276673,286985,260605,249281,217320,227926,10,-2.827487449
600,57837,12689,258485,255597,202586,250438,230440,244263,203749,206520,228241,10,-1.373103265
977,61673,,,,,,,86252,256397,255805,233519,4,-3.067422526
505,57421,235947,256653,264422,272576,253706,260814,239913,252916,257930,233685,10,-1.036270262
412,57115,257788,183092,170177,238493,266678,246972,243320,271061,259528,233781,10,2.752717368
737,58719,,,185187,265849,260607,169918,251116,255051,254452,235063,8,-1.742846697
649,58021,18988,277994,285595,263211,258207,252315,254873,252964,240072,236002,10,-1.80309342
401,57096,223047,253115,248462,221320,224270,193029,230780,211820,246523,236569,10,-0.748341552
385,57044,248241,258801,269565,261169,262390,267464,263613,232584,262180,236583,10,-0.992380075
47,55208,246339,213709,235602,230792,224577,232962,210211,205402,243159,237212,10,1.166068177
716,58580,,24724,256039,266857,264642,266032,255881,254832,260035,237316,9,-0.944724054
568,57701,229368,228700,210115,219519,200624,196047,220285,197182,205736,238444,10,0.464669376
636,57984,23176,260718,269422,263511,253723,257417,243109,268591,273390,239388,10,-0.943891522
103,56111,511187,501171,498645,408936,461962,365814,358773,390042,330423,240145,10,-7.849303095
773,58979,,,,,,,3561,264640,274660,240181,4,-3.180897247
90,56010,255856,280968,269038,256567,246354,253284,232448,200189,247213,240914,10,-1.69437851
304,56805,245567,253969,273215,275503,250936,263950,235418,242289,260222,241427,10,-0.561142595
355,56956,327052,374521,441710,335826,343443,338761,349442,133022,307722,242128,10,-4.730893224
884,60259,,,,,74999,269177,252682,282137,292235,242742,6,-2.046175896
732,58690,,,,,,43704,169373,265032,268996,243117,5,9.456810015
428,57156,316115,309854,285090,267056,277516,249957,231745,251933,249512,243126,10,-2.658699497
15,7936,258053,224897,244273,211208,245759,212782,237801,196564,267382,243643,10,0.893540894
256,56649,350666,333272,346882,300271,338265,322048,314914,294217,216506,244398,10,-3.387526272
602,57851,8524,232733,236286,249060,243039,253927,249920,251651,256579,244509,10,0.549953884
207,56494,331318,344121,358122,346237,336017,328744,298524,303820,289511,244613,10,-3.721388692
303,56804,430529,425606,413455,388047,414421,403073,407047,403497,400323,245536,10,-5.928865505
661,58088,,10631,272979,286907,265035,241969,289187,274641,281626,245783,9,-1.303256059
550,57621,,,,206533,243489,248107,266019,237336,229825,246855,7,0.229084544
408,57110,266060,254569,272134,286211,263021,280271,248383,274348,241039,247226,10,-0.324683106
210,56506,435884,435449,451608,400175,435777,407254,307512,331771,312158,252307,10,-5.883497889
400,57095,584703,576422,528958,460217,469891,525946,522695,462752,365216,252356,10,-8.76920611
567,57700,246657,245245,234927,247877,236400,228841,241332,236975,225951,252725,10,0.334382595
563,57649,438664,437439,455660,427405,425110,391730,360773,333321,306153,252749,10,-5.912871075
728,58677,,287589,295928,304520,284051,291459,286679,282708,271620,253180,9,-1.931300285
425,57151,198709,226031,283747,276044,274621,279778,279635,230745,278723,253731,10,1.292756918
267,56677,219089,233922,240820,230231.87,211333,216311,206113,236902,246973,254715,10,0.950685539
906,60551,,,,,,,,10356,275299,255122,3,-3.734285519
544,57609,258629,262806,267573,287844,302493,284824,269624,286413,291829,257209,10,-0.238904539
140,56304,413343,394953,402646,305590,397580,402225,407054,403830,405440,257562,10,-4.639019468
993,61858,,,,,,,70093,257527,307316,260107,4,0.332836536
809,59296,,,,,,,100040,314076,285440,260329,4,-6.064604919
843,59654,,,,17440,300832,315874,311642,316986,308979,260511,7,-2.369913859
330,56876,320747,331525,340884,324607,303198,303408,272129,267202,293777,262114,10,-2.576490429
946,61070,,,,,,,,232561,276639,265076,3,-2.112215048
153,56359,211984,229791,222978,201425,209298,177186,191762,193625,202129,265766,10,1.629195904
388,57049,290267.01,284761.62,272897.46,260622.45,284565.6,287367,260131,254813,298845,266107,10,-0.749994794
108,56160,97217,78993,76778,80453,82357,98641,30405,177589,242259,268967,10,14.58384114
426,57152,251988,268243,249521,236025,261218,212274,253242,237407,296299,270055,10,0.074831939
169,56394,417897,395405,425923,363553,308508,386462,367110,335782,312715,271400,10,-4.095087362
299,56795,636724,608004,564882,446547,510071,588153,576536,494618,373760,272207,10,-8.542057266
324,56856,305774,291376,295965,298099,280646,300188,275317,290518,266090,272535,10,-0.739998243
473,57294,243738,283238,269901,220012,293378,263466,284839,311896,256249,274243,10,-0.357946272
623,57962,184391,277666,280834,237350,286428,254831,275149,246957,250637,274372,10,-0.132513265
695,58395,,,249985,222142,276368,248865,261386,246686,214818,276079,8,3.154006201
584,57766,244949.02,226598,263173,218534,255014,231835,346182,247583,258372,276092,10,2.219342556
802,59236,,,,183849,321253,334837,354105,265527,248075,276618,7,-2.462368038
868,60049,,,,8227,282731,283463,306466,287655,262660,278168,7,-0.270810443
717,58587,,46741,329505,322818,312724,312733,296214,315774,303391,278689,9,-2.071922807
146,56335,560207,532394,545294,497693,529086,530465,495517,464318,444567,278944,10,-6.930084609
131,56293,320528,320829,316680,296624,324918,317735,330326,320798,276519,281070,10,-1.459297762
541,57593,21384,310983,324563,302129,312276,289989,294494,277163,253720,282732,10,-1.05262951
670,58111,50201,270399,300267,289684,282278,305001,258238,279842,271499,283161,10,0.513726121
389,57050,286947.54,276187.23,259191.9,258021.72,290304.63,286219,248208,264259,323081,283544,10,0.292519324
796,59187,,,,177114,327112,313372,290804,283638,309749,284425,7,-2.303602781
259,56654,248843,280223,295512,266264,287240,292430,258503,252365,281677,284582,10,0.171655184
885,60262,,,,28533,329366,311676,305643,272698,310015,287331,7,-2.249882869
436,57188,262872,245524,262288,237043,258876,246147,252759,238417,309866,287627,10,1.774106918
734,58692,,,,,25032,307553,282022,287496,299149,288765,6,-1.252771094
326,56858,180193,278267,263519,253803,251119,208977,255567,237193,299644,289851,10,0.454205215
406,57108,382523,376474,393186,339255,365241,371057,362235,363360,354957,290315,10,-2.846290482
774,58981,,,97862,326409,333041,306170,301749,293375,328737,290493,8,-1.651520599
121,56240,390997,374189,385083,324844,349474,361998,353033,358357,330380,290499,10,-2.773705061
262,56665,286665,395629,446681,386074,426025,320025,358807,344066,345339,291567,10,-3.334333434
852,59734,,,,122286,480691,415372,488209,366850,312271,291698,7,-7.987977542
154,56360,190905,206166,215245,188567,202614,155685,201665,98159,316368,293641,10,4.007971846
622,57956,380194,364796,395687,342250,382093,360168,350822,351081,337654,295089,10,-2.328694021
195,56459,560809,525313,574438,549174,561746,531403,493088,464818,425744,295380,10,-6.196702795
263,56666,221156,227228,216762,186746,223899,191917,230513,47965,326832,296244,10,2.990848287
320,56842,292022,294774,271147,261284,284156,237002,277843,267528,363221,296559,10,0.067102791
598,57833,181718,302869,304728,252832,314587,289326,303482,264116,276718,296815,10,-0.224096525
139,56303,572146,547522,567081,509352,507687,466681,450118,383804,348149,298842,10,-6.506325483
167,56391,336215,338730,350944,364816,333469,342453,301738,321615,336621,299631,10,-1.353551671
590,57800,4441,272699,324088,294291,328831,328922,276225,284922,316299,299770,10,1.057181209
494,57374,432662,398170,413882,531386,570660,587113,616358,594584,457251,300445,10,-3.080600153
591,57801,,274477,326727,293756,326999,333816,278525,290829,320752,300931,9,-1.022783099
205,56488,352083,369834,382167,373487,373187,365169,328083,333006,275094,301009,10,-2.261959606
396,57090,339071,337581,331374,293519,332386,311590,308503,323963,328719,301532,10,-1.246930968
409,57111,315441,345300,368215,342669,345516,341250,313415,301950,320370,301705,10,-1.488410742
549,57620,246785,279354,327707,336861,331587,344899,311716,322789,314021,301855,10,0.864459219
876,60132,,,,,19435,246345,316535,301531,323582,303345,6,4.250613111
690,58324,,259186,282452,227249,262620,206549,280087,206147,310808,303659,9,0.909066344
718,58594,,63055,332229,314869,318810,316978,302700,307621,316078,304966,9,-1.064595084
669,58106,24979,306618,374436,296999,277610,348514,244522,332959,360942,305296,10,-0.047998203
458,57262,354796,357033,351424,325667,326429,298469,307033,257405,285474,305518,10,-1.716426614
756,58885,,,19682,388857,374541,367493,340762,336094,320713,306103,8,-3.360660705
312,56829,263419,268986,307567,341546,305447,314860,290300,292592,285848,306127,10,1.447495257
237,56617,751918,667335,749210,737599,735765,692824,645670,563526,487863,308670,10,-8.210183405
899,60470,,,,,28591,323573,312647,311224,295242,309000,6,-0.917435016
422,57135,491570,529709,537021,530591,522333,575917,499260,527269,432529,309392,10,-5.799672165
941,61040,,,,,,12321,290922,309704,338717,309528,5,1.561906379
441,57198,430668,554611,591035,594771,574690,566269,507564,511479,520370,309561,10,-6.273591949
599,57834,18115,363653,365507,288517,346699,319578,339370,275335,276349,312631,10,-1.665710317
228,56592,413620,393195,406486,349128,308250,366144,377206,364320,338513,313783,10,-2.475554075
643,58000,20264,329929,355227,326909,338846,332715,328792,327914,319380,315740,10,-0.487235689
358,56961,369112,455519,467685,389735,412439,424227,398967,396228,390429,316210,10,-3.974747908
539,57586,277352,289909,266025,269955,260264,250578,284463,266434,260826,317603,10,1.018878853
260,56659,296586,250372,304058,343975,347695,342407,331712,337551,338640,318157,10,2.697943524
625,57964,166955,317133,339870,342654,323948,365531,326647,345818,319674,319311,10,0.07607676
998,61911,,,,,,,9579,257012,300749,322091,4,7.813976114
250,56638,516758,489721,512171,422084,464680,473993,485413,469951,403450,323178,10,-4.513126524
612,57875,90414,367355,379766,356603,361493,351791,312508,304932,327779,323577,10,-1.400013763
869,60059,,,,16077,372514,386442,369643,467397,355095,323691,7,-2.314222495
478,57303,400348,445434,446478,393338,427477,407677,418716,415504,382006,324203,10,-3.468199364
553,57628,,,,,,134859,322909,344064,327008,324254,5,0.103969248
781,59021,,,,277265,324822,369433,317298,365549,322378,325287,7,0.023845002
570,57725,,296863,277043,300766,282860,268221,300265,268593,277561,326645,9,2.080104078
692,58363,,342862,332595,293480,286803,296592,348322,327940,338630,326681,9,-0.224015884
506,57424,627768,586819,614452,589209,622243,614322,591156,514318,548614,328131,10,-6.254758375
630,57975,75743,334159,403229,405494,407407,406230,402795,402648,413794,328386,10,-0.193448002
63,55734,289551,70460,138714,293526,240653,175521,254995,206415,210879,328930,10,18.67280431
580,57757,97080,323214,317093,267079,328829,309819,312028,303673,289197,329665,10,0.219822866
292,56784,597746,628885,651906,574616,579953,610894,568456,547940,490636,331785,10,-6.858584317
280,56765,412665,359715,373991,378181,401272,421045,373953,383554,408202,332644,10,-0.865556769
233,56607,436705,419904,469379,419026,436859,457139,356543,364782,283932,332941,10,-2.545495284
268,56679,341084,266976,178015,265567,247125,326239,323195,301600,323311,333521,10,2.503571069
384,57040,316599,341250,324218,250864,316175,279904,327035,235562,358815,333898,10,-0.241705082
804,59244,,,,,,,79714,360411,374283,334990,4,-2.40866287
778,58999,,,,11803,350900,314498,333098,336042,318767,337441,7,-0.649723483
438,57192,128788,250549,300134,309724,343865,361364,312348,329399,292991,339944,10,3.448418654
547,57616,403693,402493,424776,379700,409650,383248,378775,384937,360509,340799,10,-1.831736483
618,57913,,,,,,6984,312977,395068,340692,342718,5,2.295404232
378,57002,,,,68692,316162,344403,352015,393111,373637,342927,7,1.363594221
933,60983,,,,,,25811,363913,408566,407341,343358,5,-1.443017088
387,57047,645508,656445,761943,740613,721617,700027,651204,634134,667894,343970,10,-6.929171448
243,56623,313448,300283,293320,292560,331119,301858,314423,305671,295431,344536,10,1.539205838
691,58351,31687,373447,389108,377938,362396,355001,345808,377623,370601,347524,10,-0.796173241
442,57199,377194,386515,405191,407008,383128,390940,350054,370854,389680,348064,10,-1.157518672
481,57320,283512,325108,338845,307443,322142,297163,335062,301555,392706,348328,10,0.769468978
540,57590,385758,377004,387866,335026,371378,301747,305867,281073,279916,349618,10,-0.834439813
285,56774,500029,514226,524493,436788,501972,503306,494971,440277,386697,350672,10,-4.164270954
1023,62269,,,,,,,,318542,388904,351601,3,-4.916787648
431,57174,21332,294546,365098,340424,378519,358972,368030,346432,378178,351747,10,1.991538133
470,57291,296135,348908,328958,279829,360216,325932,349772,366720,322844,352140,10,0.102503017
133,56296,334208,331235,367631,360116,324607,300262,286622,280875,297274,352434,10,0.691661868
255,56648,327080,304681,334130,285941,306233,307371,325858,305672,290973,352867,10,1.644778724
902,60502,,,,,12272,417273,396150,409818,395274,354564,6,-3.204566136
681,58203,,423985,462466,419916,459315,450674,430254,421033,393282,354769,9,-3.25952136
98,56093,384066,348038,402876,306966,362139,364125,350158,343458,377140,355971,10,0.250731559
95,56075,378606,383364,331412,346775,314276,308459,345306,296582,312992,356139,10,-0.815146465
524,57500,393179,396992,371366,384276,375045,379728,334862,340360,343276,360530,10,-1.064746111
531,57530,12861,297029,335282,293563,349771,300380,327172,308922,368324,360783,10,2.184029277
801,59234,,,,69405,405655,411644,398720,410707,412668,361993,7,-1.880071471
471,57292,318407,361051,349245,300282,380465,350502,361029,261255,332322,362991,10,0.059560152
413,57116,,,,,,112996,351835,370486,381453,363612,5,0.826523232
416,57121,401882,381732,414446,388554,402095,403833,381453,353744,388653,363744,10,-0.534880705
576,57751,,567511,685127,596008,577539,662065,625455,561856,513614,364696,9,-7.579143359
253,56645,295079,305619,336118,313685,310317,291580,270557,273576,405393,367556,10,2.071570325
117,56212,301114,307886,323607,283044,297092,256576,366172,364634,343906,369510,10,2.047889737
520,57469,473565,426148,421227,373020,441815,555496,515702,512300,434812,370724,10,-1.536176925
523,57493,301642,328059,354640,420810,380904,413155,370076,407812,382594,371025,10,1.376904037
445,57211,362367,330197,400680,316403,308287,380190,373350,359399,399617,371528,10,1.319009693
673,58121,,,193207,395538,399911,394749,391705,392247,392248,372300,8,-0.861225488
660,58080,421472,405135,421394,374699,374275,346549,320852,322399,272040,372323,10,-0.934039252
676,58137,39832,394990,432799,418125,443606,435171,443898,418590,444401,373823,10,-0.610109281
234,56608,662159,604996,682024,650692,658534,591292,556666,396640,313712,375600,10,-5.158806863
844,59655,,,,1161,408631,403835,371261,380777,385857,377260,7,-1.322476466
1004,61970,,,,,,,,369330,390285,378697,3,-1.495742384
350,56945,286678,263144,276224,243512,286435,294047,266776,253908,367905,378901,10,4.133981931
957,61303,,,,,,41606,370967,388251,370850,380584,5,0.641896513
586,57769,4686,360263,395961,389056,409855,376154,370503,363148,397705,381512,10,0.638786983
949,61106,,,,,,,,256835,415654,381645,3,-4.178314377
995,61866,,,,,,,,7878,423527,382472,3,-4.970318777
310,56823,435784,482147,514455,441309,459455,436644,361577,463283,418183,383988,10,-2.497589259
163,56379,388129,378079,362419,361085,369592,294275,364441,344998,354385,384086,10,0.175301444
815,59312,,,27219,373175,434274,357641,395594,398978,387934,384548,8,0.429794408
276,56754,425967,422192,425485,360900,415969,417116,414011,402866,304364,387833,10,-0.938736678
437,57189,466863,446019,448888,410171,418070,416218,392757,398979,384647,387840,10,-1.540988573
235,56613,600783,613444,592088,510876,592579,575625,493865,416874,557388,388141,10,-4.95862013
841,59637,,,,34999,483943,485774,459960,457394,421448,392172,7,-3.443748981
489,57347,361264,366096,407046,341270,398349,377728,339706,353866,326982,392373,10,0.773166099
151,56355,579025,639069,621597,653103,630455,626369,582943,566024,445474,393082,10,-5.25672817
694,58394,,,328080,309408,364926,340379,373532,366641,347345,395425,8,3.566414399
427,57153,512099,533791,554710,490369,527791,513782,500369,398004,356694,395943,10,-3.264784725
837,59547,,,,,433920,458910,422015,450309,409410,395989,6,-2.906284611
1021,62258,,,,,,,,7941,460399,396684,3,-7.177094991
1035,62938,,,,,,,,28697,441705,398063,3,-5.068630057
850,59732,,,,349841,454076,533502,554729,544729,500969,400243,7,-2.081248781
271,56702,364594,367223,387127,333606,386317,339731,386208,362927,422364,401250,10,0.989478635
484,57327,660722,641411,641297,570027,627052,614930,542231,548878,539770,401313,10,-5.076909522
872,60088,,,,,62530,456380,425173,438251,464376,402008,6,-2.505162819
776,58994,,,,161892,449761,440227,425361,402784,402071,402373,7,-1.838503015
929,60905,,,,,,444236,425723,429884,457141,404373,5,-1.278042298
752,58838,,,,401536,426122,432810,425499,437660,431091,406371,7,-0.787865852
125,56270,361799,376851,404579,334957,361902,368607,422634,426623,431465,406870,10,0.855234638
942,61047,,,,,,,,7856,438229,408068,3,-3.502577593
641,57998,22830,411392,445438,421762,434577,440470,436141,405191,416692,408306,10,-0.083627656
284,56773,585338,579059,595862,532740,598350,571781,571374,512475,446772,408447,10,-3.804005625
251,56640,427819,355841,419040,441606,405676,414277,386099,429371,399280,408648,10,1.549325593
341,56921,400840,384228,413257,350383,375670,374504,370391,324583,436399,409637,10,0.714040256
487,57342,491903,450861,443744,464596,423580,439567,416779,434116,401202,410549,10,-1.035312247
402,57097,405292,383785,434190,366681,404510,428598,406700,393213,363123,411326,10,0.773012293
963,61407,,,,,,68947,411668,423755,432595,412722,5,0.063946526
407,57109,466874,477611,495416,512009,467962,445549,446822,475363,454807,413434,10,-1.590534204
858,59903,,,,,,,27453,384407,426535,413682,4,2.476695442
910,60594,,,,,,,,6728,377298,414073,3,4.760172506
462,57282,353793,398985,403255,341120,413363,366518,399302,366019,376853,415045,10,0.439441903
391,57079,457145,338529,415968,392419,455189,442501,394366,401083,395386,415707,10,2.308133647
124,56255,426355,404140,453219,362253,415070,342810,408658,337993,414673,416138,10,0.325590938
794,59118,,,,35743,498952,508068,517993,500490,476558,417447,7,-2.928793073
972,61609,,,,,,,6136,431951,451894,417895,4,-1.096673904
439,57194,438842,411346,439495,424041,446937,396969,396589,383217,349522,419808,10,0.226508972
952,61221,,,,,,129986,426951,439956,424691,421207,5,-0.338048656
291,56783,385213,366516,365008,343489,355282,325883,312234,260953,297452,421884,10,1.575484347
693,58372,,447896,488467,435835,455740,473694,456482,432929,446963,423284,9,-1.774425413
446,57212,615967,629252,652243,550354,509267,567442,593133,556991,520370,424258,10,-4.285357459
646,58018,68401,386682,390395,428055,436631,434672,438302,437359,439411,429859,10,1.183106186
851,59733,,,,80709,434505,512739,508953,519524,480763,430230,7,-0.164656005
936,61001,,,,,,,201594,517719,492806,433807,4,-5.724071725
988,61787,,,,,,,223713,425038,424170,434331,4,0.723549714
786,59065,,,,,60133,459551,445601,451287.37,409180,434811,6,-1.100667279
475,57299,387973,409613,382995,339706,388498,351261,391874,384833,388242,435043,10,0.671489619
923,60856,,,,,,402356,664642,497248,439659,436088,5,-9.999154656
526,57514,15168,334452,566598,537525,530978,541953,575875,593148,542897,438928,10,3.066545741
619,57927,,,,356943,532618,624903,628961,607698,549656,438974,7,-3.171361247
48,55265,277247,236064,272217,280610,280696,271661,137862,57121,454995,440862,10,7.186831679
325,56857,85456,511434,526727,541656,522111,540321,486826,519815,488006,441378,10,-1.623530708
486,57333,317104,441701,442753,379810,387149,318920,396885,373162,476381,443193,10,0.037475448
371,56983,546085,557093,571767,483294,475691,510214,531812,517817,502007,444077,10,-2.487800353
985,61776,,,,,,,,178615,492290,445366,3,-4.885216737
565,57675,412978,426968,462542,479096,429410,467551,443077,480367,445269,447598,10,0.525670594
469,57290,528989,539543,468790,428432,382398,464957,403903,351488,466260,452025,10,-1.947290479
373,56985,487664,554311,540292,546299,531880,545289,384236,46014,351279,455044,10,-2.168713156
329,56874,428448,430156,401781,410000,399427,377603,400140,383508,387422,459620,10,0.738850883
161,56377,461372,507969,489637,455350,481097,450729,429673,441562,517396,460098,10,-1.093762352
372,56984,476472,549300,592687,495005,539177,506879,526945,537230,503831,462582,10,-1.891012833
729,58681,,,,247700,686630,562864,599421,596499,503858,463168,7,-6.351111179
202,56484,716153,680246,705214,595982,673377,650578,623620,609080,483505,464104,10,-4.159311737
678,58154,19566,433521,455143,405375,464374,465596,455093,425137,428422,465874,10,0.802928243
577,57752,,537894,572695,495725,531716,596698,558407,491136,448229,466084,9,-2.541976284
319,56841,427130,444310,411827,398230,430345,367724,421454,382964,557397,466623,10,0.545919563
287,56776,,,,,258814,501300,506572,508947,507668,467533,6,-1.385014972
896,60366,,,,,,401005,553064,568156,513106,471031,5,-3.934261659
156,56362,430270,414255,397828,418611,387131,354488,387675,381728,394032,471202,10,1.441458585
881,60217,,,,,,116597,506405,513105,501709,471817,5,-1.753090034
757,58886,,,32070,510817,503778,490333,431123,403277,431761,473983,8,-1.063447113
170,56395,603156,559618,575256,505190,540048,528302,492902,512158,484260,476708,10,-1.765891709
444,57210,801121,811375,758709,654254,751628,713395,713611,661089,694441,476740,10,-5.737273647
201,56483,636477,585586,614093,539909,569491,554392,523856,528253,528593,477786,10,-2.235197766
321,56843,414750,433146,408639,360626,418688,400657,422023,385943,518652,478659,10,1.116336048
229,56593,596742,561408,591896,440211,562424,554037,548935,536405,510715,478683,10,-1.755620982
634,57981,39059,517769,537550,467458,504431,492837,484954,506045,501776,480504,10,-0.826494969
456,57260,530448,514184,519889,475295,486736,510426,497683,489489,404292,484052,10,-0.668741009
611,57874,30853,331794,524207,518594,485754,501600,440955,384805,464398,488854,10,4.400164451
143,56311,437006,462095,448344,373191,420763,402069,431476,436509,422110,490136,10,0.656729361
688,58321,,21451,536142,473317,549366,561145,550041,544730,550325,491351,9,-1.084579453
348,56941,260911,513704,570554,566926,528256,572761,237587,261197,254417,492263,10,-0.472591949
306,56810,538881,523247,490310,470368,485613,471946,414150,393032,487765,494430,10,-0.627445996
592,57802,334671,705904,727804,619848,638389,676812,692151,653254,539511,495030,10,-3.866178104
479,57315,867709,757472,764234,645035,661318,743686,726656,589976,710181,495999,10,-4.595634763
747,58774,,,232131,547504,611912,596215,573097,579722,511138,497205,8,-1.367243599
532,57531,,,,,76573,490763,499319,533519,490507,498067,6,0.295902595
60,55581,616884,616942,662723,512493,468867,462136,312760,504280,600857,504346,10,-2.214147325
232,56605,430939,418052,432923,439087,456863,484384,556027,462960,511057,504767,10,2.116430997
862,59968,,,,,6233,470743,542772,523139,546267,505164,6,1.421424141
969,61582,,,,,,,12868,458595,468982,505606,4,3.306496804
926,60883,,,,,,450052,532581,523222,541828,516264,5,-0.774900449
158,56371,837374,879922,842744,744451,852867,794301,813126,707748,787016,516379,10,-5.7501889
629,57974,9472,445866,471302,385552,393846,370551,353665,401513,552097,517939,10,1.678814285
411,57113,508915,486612,529552,526247,489941,530829,475666,498034,479801,522403,10,0.791697814
342,56923,477701,465226,551368,512081,520325,516680,460003,512530,577609,524454,10,1.34039732
122,56251,536535,546999,537302,403619,419389,353999,488239,488160,519593,527179,10,-0.40923617
882,60218,,,,,24545,675157,652718,637795,619887,527902,6,-4.801587448
663,58099,,,,,,,,80604,589589,528639,3,-5.309826185
340,56920,503674,486736,525144,439962,485119,478407,475880,422203,557327,528796,10,0.925151565
493,57358,540390,571872,603586,573618,602985,610093,577229,586001,586455,529472,10,-0.85229064
368,56979,592595,643393,690086,577604,616994,608060,581714,599633,559567,529964,10,-2.131909407
307,56811,511784,511041,474368,472720,497238,469286,431516,403583,542072,532182,10,0.451412636
81,55968,440956,451205,437981,376424,425092,403052,366325,580089,555840,533557,10,1.88016921
905,60545,,,,,17214,520988,537396,538753,529449,534777,6,0.523823759
111,56173,519504,440549,400799,377632,506052,219729,305678,416148,247413,534808,10,2.177662674
783,59034,,,,49814,684703,682755,692236,688048,684149,535598,7,-4.010708535
503,57415,438489,113869,421564,406442,442632,405821,301165,128345,61498,536279,10,18.78897712
148,56338,589634,579021,582524,592258,541774,586815,527035,564176,525024,540612,10,-0.759731729
699,58416,,,,645558,670507,724315,650469,683921,650291,541831,7,-3.489013366
900,60471,,,,,,,,70059,527641,543835,3,1.522968944
785,59063,,,,,,,53607,648935,617943,545037,4,-5.650067077
305,56809,542470,533811,517495,507127,515448,491020,434528,402551,520089,545276,10,0.236392799
922,60743,,,,,,,382076.19,599641,590975.38,548710,4,-2.915361362
564,57663,276128,503441,570000,549733,568086,553819,550090,534182,553703,548741,10,0.961930851
954,61261,,,,,,45648,572768,461969,559383,549636,5,-1.025320066
767,58938,,,86609,585430,604360,609723,568788,602738,586243,549946,8,-0.889258617
991,61836,,,,,,,44468,567585,551036,551926,4,-0.928216511
343,56924,508090,532316,504873,505939,497398,494075,447367,451191,564654,553834,10,0.441278611
522,57484,42357,536323,530041,456255,540522,504320,513851,490486,482628,554198,10,0.364946894
771,58965,,,,10057,427959,428372,407674,547596,600126,556047,7,4.460369168
155,56361,519867,503416,517272,431826,502920,468061,510765,446663,600492,556990,10,1.130008237
866,60013,,,,,405759,419672,565336,580506,570084,557004,6,5.825337907
86,55992,446076,459364,503589,439295,420521,400858,422766,528672,539378,559077,10,2.206709758
980,61735,,,,,,,,591032.87,541912,559814,3,1.638323672
236,56614,604896,588592,585864,604310,565513,616625,553138,580747,542032,559823,10,-0.55525917
886,60270,,,,,,,35818,599487,612778,561407,4,-2.163850678
730,58683,,,,299141,570937,600078,559804,565518,559205,562380,7,-0.25136842
721,58614,,,,,,,,375292,532276,563256,3,2.868988875
787,59066,,,,,,43581,686008,667942,535706,563367,5,-4.804689244
261,56661,826959,811656,717474,641447,681231,768732,714176,664538,21902,565659,10,-3.932640179
208,56495,587120,600277,604750,618493,633024,566611,611330,579690,652961,566802,10,-0.635540499
529,57526,485355,542117,580941,489302,550227,458684,568572,474141,597055,569666,10,0.552279235
123,56252,569634,565559,589084,510234,436707,408278,529756,536289,570021,570380,10,0.094357631
204,56487,540259,556665,544463,483372,555512,468282,544026,497186,646622,578028,10,0.419306503
968,61565,,,,,,,,426865,596549,584261,3,-1.035282831
879,60152,,,,,,316480,582445,552354,539610,584705,5,0.096864037
845,59684,,,,,,474446,559481,587815.61,630540,587266,5,1.21907843
805,59245,,,,,,98653,601150,639943,614226,589163,5,-0.502274408
659,58078,204139,603866,630275,562605,615758,569881,583198,586439,588549,590108,10,-0.255747386
925,60873,,,,,,,546329,536616,527262,592367,4,3.349666521
675,58127,77870,601617,641947,547054,605023,614526,602542,563228,611274,596174,10,-0.100931912
863,59972,,,,,,,727476,753769,683808,596500,4,-7.503764336
964,61417,,,,,,,,210379,647661,597774,3,-3.928485352
983,61756,,,,,,,48566,607996,619719,598936,4,-0.499201671
339,56919,497409,466325,532197,483569,506592,513461,480516,427455,593100,601559,10,2.869759746
760,58898,,,,234347,573434,625474,589700,614962,592929,605348,7,0.906763956
865,59975,,,,73700,579696,649012,654325,610661,656843,606121,7,0.745696705
559,57639,157196,578073,641952,629417,654510,633977,620896,589544,630889,609919,10,0.597623164
1029,62488,,,,,,,,318890,632795,610395,3,-1.785872187
818,59320,,,,390469,634744,658040,699738,645414,571467,610955,7,-0.634618756
518,57463,259418,633561,647150,641587,601090,681349,501318,528638,550709,611289,10,-0.396837656
100,56097,546321,490539,489441,396342,496547,496778,485135,610060,573389,611354,10,2.476517316
855,59837,,,,38554,626713,613968,607790,573875,616241,614656,7,-0.323242092
129,56290,723940,751393,813135,783219,764322,786732,739631,736955,741223,618268,10,-2.143436952
908,60587,,,,,82646,660673,619795,649255,605088,620199,6,-1.256412758
534,57550,188645,612275,652343,568072,612344,519051,655451,518078,616117,621213,10,0.161157389
797,59193,,,,,,160208,599127,417739,684462,621354,5,0.91484365
857,59888,,,,,,380705,711351,717146,727651,621354,5,-3.32508742
464,57284,81881,621710,648546,639241,636089,673760,611397,654626,618545,622030,10,0.005717686
127,56273,620742,566266,407731,525913,570008,568037,556261,512229,415059,622588,10,1.059136799
533,57549,214587,585493,601495,535373,585383,492996,623377,490998,633835,622783,10,0.688402182
687,58242,,,353175,751318,822264,768069,764040,729363,624078,623134,8,-2.636999214
220,56563,648557,667118,618722,545244,616321,603917,548243,508415,672737,623653,10,-0.745791932
746,58773,,,,665880,740386,740462,784380,750660,753029,626147,7,-2.754461777
824,59332,,,,552915,727860,690551,759132,691000,721908,627586,7,-2.44020053
819,59321,,,,,253642,737540,728555,655036,601003,628704,6,-3.142751197
561,57644,,635589,742464,683434,700176,677355,623121,603694.6,654621,631523,9,-2.00267492
894,60354,,,,,18567,656040,620345,642203,681994,632405,6,-0.731149025
147,56337,714711,706289,720417,609580,690042,685549,694820,705307,699524,632693,10,-1.215213575
488,57346,703229,689279,792648,687907,699488,650979,715869,738105,751710,633362,10,-0.935639675
798,59200,,,,102109,622257,641863,609517,612374,673367,633767,7,0.30593684
973,61638,,,,,,,18247,597668,658627,634319,4,2.003695348
895,60355,,,,,94870,682951,628594,651123,695089,635102,6,-1.442248478
583,57762,27640,550570,719895,699248,702412,695643,653134,652121,682804,635848,10,1.612929913
607,57862,50437,627728,661519,648371,662516,698176,624174,484444,596030,640092,10,0.216956838
639,57995,56893.32,335839.68,562316.04,603535.68,652904.01,657608,628130,597163,705585,644950,10,7.519745227
738,58720,,,116806,787638,838533,788585,762506,747346,663951,645860,8,-2.795271935
828,59442,,,,256689,709430,655742,683265,677203,677882,650381,7,-1.437952698
628,57973,52370,687016,712566,666425,686636,679474,723423,712287,632396,652451,10,-0.57193089
370,56981,716988,775605,811344,706057,772988,712817,735042,756098,702898,654944,10,-1.861278388
978,61674,,,,,,,66491,661780,709606,657266,4,-0.227885521
11,7526,514745,617658,562350,570308,562352,532777,564781,522352,555775,657555,10,0.697907486
749,58830,,,21389,364828,372605,335504,492617,472625,721792,661158,8,8.864969795
548,57617,,,,,59161,884390,882896,844668,685713,671481,6,-5.359291892
606,57858,663941,732626,744546,686086,696326,736597,637983,656592.53,695972,672562,10,-0.945953435
482,57325,666256,643491,685114,667521,639026,692325,636688,663436,672873,676091,10,0.550617484
610,57873,246517,727261,757385,740444,747511,716950,638893,633400,676555,680924,10,-0.728828
344,56925,499636,538050,569925,528873,565591,581552,516717,560465,752535,684718,10,2.714586758
994,61865,,,,,,,,455460,572757,684790,3,9.343633645
859,59943,,,,368498,884015,878567,803971,718216,688790.04,685735,7,-4.14470376
178,56432,654028,658661,655215,590376,665167,637821,656244,441215,597835,686543,10,0.461727954
916,60657,,,,,55811,694344,750590,722359,728864,692883,6,-0.042118351
997,61889,,,,,,,,115378,706943,694264,3,-0.900805648
551,57623,,,,,,,,36692,695023,702191,3,0.514343641
429,57159,673382,704399,656728,621861,663771,566374,674457,611875,770897,705342,10,0.014865934
674,58126,125797,680451,739245,644237,701195,707472,711321,662304,711128,706730,10,0.42191963
799,59201,,,,234066,802872,832947,756650,772925,789515,707870,7,-2.077040073
145,56322,677992,659101,649834,609173,672199,612983,638690,612886,764908,714023,10,0.893281596
753,58872,,,,712056,832159,840920,712649,750939,805997,715972,7,-2.475225684
917,60672,,,,,26949,730169,717352,710980,692442,720179,6,-0.275145219
724,58657,,,,,297604,807380,759266,748301,795377,720395,6,-2.25410207
951,61212,,,,,,,635081,880834,895343,720455,4,-6.480050582
961,61357,,,,,,110530,798064,780510,850472,724264,5,-2.396634149
878,60145,,,,,,427901,730156,690977,683441,729737,5,-0.014349338
1026,62380,,,,,,,,27725,879469,731473,3,-8.801250759
197,56466,536221,485852,542305,436657,526422,468904,500862,234734,648830,732284,10,4.663989151
516,57449,712479,821816,766489,809329,810707,829176,743015,781432,779963,732582,10,-1.269004318
546,57614,,,,,769197,837740,783358,750772,711202,735181,6,-2.578008215
399,57094,856431,789954,765542,780635,752101,806972,733651,800892,736924,739038,10,-0.737548612
725,58658,,,,,86382,777048,714237,709772,702466,743839,6,-0.869745855
1025,62356,,,,,,,,372673,742123,747023,3,0.329590803
741,58767,,,,278870,820019,793989,759010,806882,821619,748607,7,-1.507084155
825,59384,,,,24141,818301,664122,825730,789985,808225,754694,7,-1.339577889
745,58772,,,,449006,764054,768000,786086,751375,708998,755367,7,-0.190397571
566,57678,183048,855914,844719,780778,761560,780674,723674,755909,765642,762413,10,-1.277124658
986,61782,,,,,,,,679760,817040,764606,3,-3.261980616
914,60645,,,,,69982,772358,798214,756144,773696,764958,6,-0.192359606
735,58694,,,,,,,57514,815887,776916,773256,4,-1.77295141
645,58008,65192,731934,790858,746062,732885,837478,738697,766403,673076,781336,10,0.728361174
689,58322,,,535535,844667,841240,788542,803226,645033,834160,782876,8,-1.079391574
301,56797,941849,964626,1002697,965431,931165,954178,831339,825519,836563,783812,10,-2.279954499
814,59311,,,58839,751148,873154,750999,812963,798680,793246,790005,8,0.723124461
1033,62795,,,,,,,,24079,754181,796562,3,2.771335162
987,61784,,,,,,,87706,745803,867176,796825,4,2.230293696
807,59284,,,49437,797659,834668,788789,826771,816919,808315,800974,8,0.059264687
918,60687,,,,,,796118,787258,870346.72,902476,802196,5,0.471029501
748,58775,,,,224955,814372,811106,845262,823455,806297,802273,7,-0.249160996
528,57520,529794,527285,592197,571335,623201,589980,522869,246535,271372,804197,10,4.801755899
919,60688,,,,,,727592,877905,888075.57,909258,805460,5,-2.130106931
485,57332,916121,882350,919033,803518,773976,814820,751255,820318,797015,805600,10,-1.006032641
883,60256,,,,,13474,794183,837775,814186,811876,809582.15,6,0.3848253
792,59083,,,245588,758937,792326,804281,798806,746764,811678,815399,8,1.030398042
864,59974,,,,184530,852605,845902,869041,759309,836444,815598,7,-0.736851543
1030,62566,,,,,,,,35954,811273,816270,3,0.307499997
996,61876,,,,,,,279097,925805,905174,820084,4,-3.961300097
870,60069,,,,69296,814638,812798,769120,826360,866135,820208,7,0.113633244
889,60326,,,,,224923,895821,814576,750527,803319,821996,6,-1.705392456
903,60505,,,,,,,,101065,808736,822113,3,0.823639409
755,58884,,,259803,928899,934315,896654.004,795965,720872,797900,824480,8,-1.689102384
788,59068,,,,,558408,838357,884986,843756,881253,825420,6,-0.310550319
1036,63030,,,,,,,,34126,828995,825664,3,-0.201108139
892,60339,,,,,168713,851540,883449,878886,875961,826082,6,-0.605209837
912,60620,,,,,37061,929143,869466,873230,860762,831715,6,-2.191095435
637,57987,138512,1100423,1097176,935418,1113969,1043337,1015943,1041785,904252,835264,10,-3.016911235
913,60639,,,,,24470,896586,861233,860162,849031,841522,6,-1.259640471
719,58596,,,,824386,928407,835373,944008,900333,887326,848767,7,-1.483642376
780,59005,,,,,66534,814935,884793,801467,724436,849887,6,0.843437943
198,56468,763349,814907,800260,726919,759196,663335,724004,699889,818420,853185,10,0.51132962
715,58571,,,,758197,869351,710129,843716,723467,941731,866065,7,-0.063096632
1006,62035,,,,,,,,57238,796222,867356,3,4.371423548
967,61564,,,,,,,,771294,1040479,869137,3,-8.603943032
777,58998,,,,68867,860932,853425,888206,851739.34,891936.29,873023,7,0.232709985
891,60338,,,,,116266,919967,939224,937433,943059,891443.997,6,-0.627923933
712,58474,,,817092,897210,919201,813922,918166,875921.72,973772,908331,8,0.176139247
888,60317,,,,,,,,402635,833070,912903,3,4.681893479
927,60901,,,,,,177658,973908,958805,954121,922609,5,-1.343673943
907,60574,,,,,11522,856065,984175,990780,994435,925038,6,1.561841415
873,60104,,,,56434,912017,946436,962468,966591,945992,927307,7,0.277485218
959,61343,,,,,,,,111422,994401,927326,3,-3.431509667
928,60902,,,,,,461809,997399,990097,935030,933292,5,-1.647103675
440,57195,708918,808889,875656,732789,865023,705788,833098,704096,965888,934208,10,1.613290916
209,56501,932204,918970,935484,886983,886488,845511,711268,714450,917215,940299,10,0.255263379
955,61269,,,,,,,1153750,1145964.81,1123991,952950,4,-5.962816978
1001,61926,,,,,,,30957,881992,968739,953603,4,2.63630002
830,59460,,,,62502,1055230,1031879,1012985,984598,977348,956313,7,-1.627096854
909,60592,,,,,69497,1017830,972872,983327,953683,961817,6,-1.125695794
871,60087,,,,,672154,1097241,1154432,1105713,1076693,966260,6,-2.510376122
838,59621,,,,629918,993831,950796,1028254,995277,1013056,987668,7,-0.103622328
653,58041,,828782,883103,789700,832574,1028922,1028165,940235.93,984059,1006505,9,1.648405867
739,58765,,,352903,1069655,1147513,1134494,1136338,1117107,1112891,1020586,8,-0.668600489
1002,61957,,,,,,,59378,1038877,1046380,1022389,4,-0.531856491
831,59475,,,84655,1029200,1054267,1036071,1128864,1077653,1138946,1028778,8,-0.005858561
740,58766,,,,,261682,1010693.001,1165612.996,1130168.003,1151599.998,1053745.987,6,0.83779375
956,61270,,,,,,,1057813,1050613.25,983898,1054669,4,0.128513586
761,58900,,,,437627,1115176,1050678,1168299,1101259,1140133,1058701,7,-0.862418899
744,58771,,,,99201,1049875,1084219,1061605,1112754,1099277,1059185,7,0.147252227
1005,61984,,,,,,,,397903,1175019,1059484,3,-5.043487302
762,58902,,,,,919143,1063653,1092665,1089681,1066847,1063482,6,-0.003215541
915,60655,,,,,,199141,1080673,1119737.32,1095104,1072587,5,-0.187586531
784,59061,,,,,,85481,1031272,1112703,1017939,1075083,5,1.045549974
525,57501,1362913,1418433,1403006,1335713,1341387,1290492,1186959,1173711,1219373,1095296,10,-2.83166934
288,56777,1441180,1482943,1531573,1612058,1480131,1319565,1328554,1521642,1369503,1095499,10,-3.308676908
920,60689,,,,,,916110,1100947,1130116,1109690,1099871,5,-0.02444247
1003,61969,,,,,,,,966586,1141336,1100897,3,-1.787540711
203,56485,1108517,1190817,1142486,1045257,1058132,894881,1041840,983163,1152089,1116246,10,-0.715961986
893,60342,,,,,215994,1194674.995,1129072.002,1043794.005,1069990.007,1116489.002,6,-1.34458334
1016,62132,,,,,,,55104,846805,1060503,1120900,4,9.7980141
808,59292,,,,,,,,1027001.37,1205213,1123296,3,-3.458242115
999,61921,,,,,,,45387,1151271,1254233,1132408,4,-0.549160258
898,60414,,,,,,1159662,1250071,1235433,1225575,1148976,5,-2.086163133
1022,62259,,,,,,,,207176,1286943,1176529,3,-4.38596147
990,61789,,,,,,,,1061641.22,1155477,1184013,3,1.227283588
1007,62038,,,,,,,,645283,1262742,1198021.88,3,-2.596388
934,60987,,,,,,118,916139,1366644,1278385,1205711,5,7.107643134
662,58098,,,,,,136061.08,1024430,1132857,1077111,1207714,5,4.200656015
962,61402,,,,,,,,386587,1302253,1237010,3,-2.537191491
635,57983,,,74982,1001056,1363879,1359526,1329239,1296827,1358663,1249592,8,3.218739663
1017,62133,,,,,,,57556,837430,1250166,1267122,4,14.80389922
948,61079,,,,,,41394,647988,1201802,1252623,1280869,5,18.57262592
736,58695,,,,,168466,1541058,1507208,1434129,1552416,1454696,6,-1.146818315
754,58883,,,,549863,1809682,1726146,1545240,1461072,1518437,1607171,7,-1.958494825
589,57787,222586,1830876,1921860,1737974,1767716,1759999,1863802,1729783,1775159,1719670,10,-0.6938277
947,61077,,,,,,,,683846,1704075,1848469,3,4.150589696
278,56763,2016999,1983817,2066584,1659524,1829154,1821192,2183532,2237527,2259411,2054989,10,0.392409344
806,59247,,,,,,,,908996,2083677,2056923,3,-0.644064191
911,60619,,,,,,,194543,1975124,2024321,2128334,4,2.521544179
130,56291,1879028,1463404,2309100,1965895,2159583,1972964,2440172,2493463,2513457,2313973,10,5.222944318
